student_id,teacher,subject,rating,comment,date,clean_comment,sentiment,topic,predicted_sentiment
S1223,Prof. Mishra,Artificial Intelligence,1,"Padhane ka tarika bekaar hai, speed bahut fast hai.",2026-01-05,padhane tarika bekaar speed bahut fast,negative,Teaching,negative
S1080,Dr. Verma,Data Structures,5,"Mam bahut acche se explain karti hain, doubts clear ho jaate hain. Highly recommended!",2026-01-05,mam bahut acche explain doubt clear highly recommend,positive,Teaching,positive
S1055,Prof. Gupta,Database Systems,3,"Exam was moderate, some questions were tricky. Chal jata hai.",2026-01-05,exam moderate question tricky chal,neutral,Exams/Evaluation,neutral
S1112,Prof. Sharma,Artificial Intelligence,4,"Very helpful faculty, explains difficult topics in a simple way. Overall great experience.",2026-01-06,very helpful faculty explain difficult topic simple way overall great experience,positive,Teaching,positive
S1028,Dr. Singh,Operating Systems,4,Mam hamesha time pe aati hain aur students ki help karti hain.,2026-01-06,mam hamesha time aati student help,positive,Behaviour/Support,positive
S1024,Dr. Verma,Data Structures,1,"Syllabus is okay, some topics feel outdated. Overall okay.",2026-01-06,syllabus okay topic feel outdat overall okay,negative,Course Content,positive
S1183,Dr. Verma,Data Structures,4,"Practical classes bahut helpful hain, hands-on experience accha hai. Mazaa aa gaya.",2026-01-07,practical class bahut helpful hand experience accha mazaa aa gaya,positive,Labs/Practicals,positive
S1202,Dr. Singh,Operating Systems,1,"Practical sessions are a waste of time, no proper guidance. Hope things change.",2026-01-08,practical session waste time no proper guidance hope thing change,negative,Labs/Practicals,negative
S1210,Prof. Sharma,Artificial Intelligence,5,Mam hamesha time pe aati hain aur students ki help karti hain. Keep it up sir.,2026-01-08,mam hamesha time aati student help keep sir,positive,Behaviour/Support,positive
S1191,Dr. Singh,Operating Systems,1,Syllabus is outdated and not useful for jobs. Needs improvement.,2026-01-08,syllabus outdat not useful jobs need improvement,negative,Course Content,negative
S1235,Prof. Mishra,Artificial Intelligence,5,Study material is well organised and easy to follow. Overall great experience.,2026-01-09,study material well organis easy follow overall great experience,positive,Course Content,positive
S1151,Prof. Sharma,Artificial Intelligence,4,Respectful teacher who motivates the whole class.,2026-01-10,respectful teacher motivat whole class,positive,Teaching,positive
S1254,Dr. Verma,Data Structures,2,"Course is average, covers basics only.",2026-01-10,course average cover basic only,negative,Course Content,neutral
S1038,Dr. Verma,Data Structures,1,Paper bahut tough tha aur syllabus se bahar ke questions aaye.,2026-01-10,paper bahut tough syllabus bahar question aaye,negative,Exams/Evaluation,negative
S1273,Dr. Singh,Operating Systems,5,"Course content bahut useful hai, industry ke kaam aayega. Keep it up sir.",2026-01-11,course content bahut useful industry kaam aayega keep sir,positive,Course Content,positive
S1285,Prof. Gupta,Database Systems,4,"Evaluation bahut fair hai, marks sahi milte hain. Keep it up sir.",2026-01-11,evaluation bahut fair mark sahi milte keep sir,positive,Exams/Evaluation,positive
S1052,Dr. Verma,Data Structures,4,"Good coverage of topics, notes bhi bahut helpful hain.",2026-01-11,good coverage topic not bahut helpful,positive,Course Content,positive
S1248,Dr. Singh,Operating Systems,1,Notes aur study material bilkul nahi diye jaate. Hope things change.,2026-01-12,not study material bilkul nahi diye hope thing change,negative,Course Content,negative
S1153,Prof. Gupta,Database Systems,1,"Padhane ka tarika bekaar hai, speed bahut fast hai. Needs improvement.",2026-01-12,padhane tarika bekaar speed bahut fast need improvement,negative,Teaching,negative
S1143,Prof. Mishra,Artificial Intelligence,2,Poor lab facilities and the instructor never helps in practicals. Needs improvement.,2026-01-13,poor lab facility instructor never help practical need improvement,negative,Labs/Practicals,negative
S1224,Dr. Singh,Operating Systems,4,"Lab sessions are very useful, practical knowledge mila. Highly recommended!",2026-01-13,lab session very useful practical knowledge mila highly recommend,positive,Labs/Practicals,positive
S1127,Prof. Mishra,Artificial Intelligence,1,"Concepts clear nahi hote, sirf slides padh ke chale jaate hain. Please fix this.",2026-01-13,concept clear nahi sirf slid padh chale please fix,negative,Teaching,negative
S1088,Dr. Verma,Data Structures,1,Syllabus is outdated and not useful for jobs. Bahut disappointing hai.,2026-01-15,syllabus outdat not useful jobs bahut disappoint,negative,Course Content,negative
S1225,Prof. Mishra,Artificial Intelligence,5,Good lab guidance and the experiments are well planned. Keep it up sir.,2026-01-16,good lab guidance experiment well plann keep sir,positive,Labs/Practicals,positive
S1093,Dr. Singh,Operating Systems,3,"Teaching is okay, kuch topics samajh aate hain kuch nahi.",2026-01-17,teach okay topic samajh aate nahi,neutral,Teaching,positive
S1049,Prof. Sharma,Artificial Intelligence,4,Syllabus is up to date and very relevant for placements. Mazaa aa gaya.,2026-01-17,syllabus date very relevant placement mazaa aa gaya,positive,Course Content,positive
S1024,Prof. Sharma,Artificial Intelligence,1,"Bahut strict aur rude behaviour hai, koi support nahi milta. Please fix this.",2026-01-17,bahut strict rude behaviour koi support nahi milta please fix,negative,Behaviour/Support,negative
S1236,Prof. Sharma,Artificial Intelligence,4,"Course content bahut useful hai, industry ke kaam aayega. Overall great experience.",2026-01-17,course content bahut useful industry kaam aayega overall great experience,positive,Course Content,positive
S1243,Prof. Sharma,Artificial Intelligence,4,"Excellent teaching, concepts are explained very clearly with examples. Keep it up sir.",2026-01-19,excellent teach concept explain very clearly exampl keep sir,positive,Teaching,positive
S1122,Dr. Verma,Data Structures,4,Syllabus is up to date and very relevant for placements. Mazaa aa gaya.,2026-01-19,syllabus date very relevant placement mazaa aa gaya,positive,Course Content,positive
S1123,Prof. Gupta,Database Systems,1,Too many assignments and the deadlines are unreasonable. Please fix this.,2026-01-19,too many assignment deadlin unreasonable please fix,negative,Exams/Evaluation,negative
S1015,Prof. Mishra,Artificial Intelligence,2,"Behaviour is okay, not very friendly but not rude. Could be better.",2026-01-20,behaviour okay not very friendly not rude better,negative,Behaviour/Support,neutral
S1290,Prof. Gupta,Database Systems,2,"Teaching is okay, kuch topics samajh aate hain kuch nahi. Chal jata hai.",2026-01-20,teach okay topic samajh aate nahi chal,negative,Teaching,neutral
S1165,Dr. Singh,Operating Systems,4,"Sir bahut supportive hain, kabhi bhi doubt puch sakte hain. Highly recommended!",2026-01-20,sir bahut supportive kabhi doubt puch sakte highly recommend,positive,Teaching,positive
S1069,Prof. Sharma,Artificial Intelligence,4,"Evaluation bahut fair hai, marks sahi milte hain. Keep it up sir.",2026-01-21,evaluation bahut fair mark sahi milte keep sir,positive,Exams/Evaluation,positive
S1142,Prof. Gupta,Database Systems,1,"Practical sessions are a waste of time, no proper guidance. Needs improvement.",2026-01-22,practical session waste time no proper guidance need improvement,negative,Labs/Practicals,negative
S1189,Prof. Mishra,Artificial Intelligence,1,Teacher is rude and does not respect students. Bahut disappointing hai.,2026-01-22,teacher rude not respect student bahut disappoint,negative,Behaviour/Support,negative
S1105,Prof. Mishra,Artificial Intelligence,1,Teacher does not clear doubts and ignores our questions. Please fix this.,2026-01-22,teacher not clear doubt ignor question please fix,negative,Teaching,negative
S1051,Prof. Gupta,Database Systems,4,"Teaching is okay, kuch topics samajh aate hain kuch nahi.",2026-01-23,teach okay topic samajh aate nahi,positive,Teaching,positive
S1181,Dr. Singh,Operating Systems,4,"Course content bahut useful hai, industry ke kaam aayega.",2026-01-23,course content bahut useful industry kaam aayega,positive,Course Content,positive
S1020,Prof. Sharma,Artificial Intelligence,4,"Lab sessions are very useful, practical knowledge mila. Mazaa aa gaya.",2026-01-23,lab session very useful practical knowledge mila mazaa aa gaya,positive,Labs/Practicals,positive
S1127,Dr. Verma,Data Structures,5,"Course content bahut useful hai, industry ke kaam aayega. Keep it up sir.",2026-01-24,course content bahut useful industry kaam aayega keep sir,positive,Course Content,positive
S1079,Prof. Sharma,Artificial Intelligence,4,Syllabus is up to date and very relevant for placements. Highly recommended!,2026-01-24,syllabus date very relevant placement highly recommend,positive,Course Content,positive
S1079,Dr. Verma,Data Structures,1,"Exam pattern kabhi clear nahi hota, bahut confusion rehta hai. Please fix this.",2026-01-24,exam pattern kabhi clear nahi bahut confusion rehta please fix,negative,Exams/Evaluation,negative
S1029,Dr. Singh,Operating Systems,4,"Very helpful faculty, explains difficult topics in a simple way.",2026-01-24,very helpful faculty explain difficult topic simple way,positive,Teaching,positive
S1203,Prof. Mishra,Artificial Intelligence,1,Lab sessions bahut kam hote hain aur experiments samajh nahi aate. Needs improvement.,2026-01-24,lab session bahut kam experiment samajh nahi aate need improvement,negative,Labs/Practicals,negative
S1082,Prof. Sharma,Artificial Intelligence,5,"Excellent teaching, concepts are explained very clearly with examples. Mazaa aa gaya.",2026-01-24,excellent teach concept explain very clearly exampl mazaa aa gaya,positive,Teaching,positive
S1193,Prof. Gupta,Database Systems,1,"Terrible teaching, we have to study everything on our own.",2026-01-25,terrible teach study everything own,negative,Teaching,negative
S1148,Prof. Mishra,Artificial Intelligence,2,"Teacher theek hain, kabhi kabhi class late start hoti hai. Chal jata hai.",2026-01-25,teacher theek kabhi kabhi class late start chal,negative,Teaching,negative
S1224,Dr. Singh,Operating Systems,4,Paper pattern clear tha aur syllabus ke andar tha. Mazaa aa gaya.,2026-01-25,paper pattern clear syllabus andar mazaa aa gaya,positive,Exams/Evaluation,positive
S1092,Dr. Verma,Data Structures,2,"Exam pattern kabhi clear nahi hota, bahut confusion rehta hai.",2026-01-25,exam pattern kabhi clear nahi bahut confusion rehta,negative,Exams/Evaluation,negative
S1155,Prof. Sharma,Artificial Intelligence,5,"Sir ka padhane ka tarika bahut accha hai, sab kuch easily samajh aata hai. Highly recommended!",2026-01-26,sir padhane tarika bahut accha easily samajh aata highly recommend,positive,Teaching,positive
S1198,Prof. Sharma,Artificial Intelligence,5,"Very helpful faculty, explains difficult topics in a simple way. Keep it up sir.",2026-01-26,very helpful faculty explain difficult topic simple way keep sir,positive,Teaching,positive
S1128,Dr. Verma,Data Structures,1,Marking is unfair and we never get proper feedback on exams. Bahut disappointing hai.,2026-01-26,mark unfair never get proper feedback exam bahut disappoint,negative,Exams/Evaluation,negative
S1279,Prof. Sharma,Artificial Intelligence,5,"Evaluation bahut fair hai, marks sahi milte hain. Highly recommended!",2026-01-27,evaluation bahut fair mark sahi milte highly recommend,positive,Exams/Evaluation,positive
S1026,Prof. Gupta,Database Systems,1,Marking is unfair and we never get proper feedback on exams. Bahut disappointing hai.,2026-01-28,mark unfair never get proper feedback exam bahut disappoint,negative,Exams/Evaluation,negative
S1171,Dr. Singh,Operating Systems,5,Good lab guidance and the experiments are well planned. Highly recommended!,2026-01-28,good lab guidance experiment well plann highly recommend,positive,Labs/Practicals,positive
S1067,Prof. Sharma,Artificial Intelligence,1,"Class mein bilkul maza nahi aata, lecture bahut boring hai. Hope things change.",2026-01-28,class bilkul maza nahi aata lecture bahut bor hope thing change,negative,Teaching,negative
S1043,Dr. Singh,Operating Systems,4,Assignments are useful and feedback on them is quick. Highly recommended!,2026-01-28,assignment useful feedback quick highly recommend,positive,Exams/Evaluation,positive
S1015,Prof. Gupta,Database Systems,5,Good lab guidance and the experiments are well planned. Overall great experience.,2026-01-28,good lab guidance experiment well plann overall great experience,positive,Labs/Practicals,positive
S1138,Prof. Gupta,Database Systems,2,"Teaching is okay, kuch topics samajh aate hain kuch nahi. Could be better.",2026-01-31,teach okay topic samajh aate nahi better,negative,Teaching,neutral
S1259,Prof. Gupta,Database Systems,4,"Syllabus is okay, some topics feel outdated. Could be better.",2026-02-01,syllabus okay topic feel outdat better,positive,Course Content,positive
S1190,Prof. Gupta,Database Systems,4,"Content theek hai, par examples aur hone chahiye. Could be better.",2026-02-01,content theek exampl hone chahiye better,positive,Exams/Evaluation,neutral
S1043,Prof. Mishra,Artificial Intelligence,1,Syllabus is outdated and not useful for jobs. Bahut disappointing hai.,2026-02-01,syllabus outdat not useful jobs bahut disappoint,negative,Course Content,negative
S1299,Prof. Gupta,Database Systems,3,"Exam was moderate, some questions were tricky. Overall okay.",2026-02-01,exam moderate question tricky overall okay,neutral,Exams/Evaluation,neutral
S1174,Prof. Gupta,Database Systems,2,Teaching is boring and the lectures are confusing.,2026-02-02,teach bor lectur confus,negative,Teaching,negative
S1098,Prof. Gupta,Database Systems,4,"Teacher theek hain, kabhi kabhi class late start hoti hai. Chal jata hai.",2026-02-02,teacher theek kabhi kabhi class late start chal,positive,Teaching,negative
S1096,Prof. Mishra,Artificial Intelligence,3,Lab is fine but sometimes the systems are slow.,2026-02-02,lab fine sometim system slow,neutral,Labs/Practicals,positive
S1244,Prof. Gupta,Database Systems,3,"Content theek hai, par examples aur hone chahiye. Chal jata hai.",2026-02-03,content theek exampl hone chahiye chal,neutral,Exams/Evaluation,neutral
S1173,Prof. Mishra,Artificial Intelligence,2,Lab sessions bahut kam hote hain aur experiments samajh nahi aate. Hope things change.,2026-02-03,lab session bahut kam experiment samajh nahi aate hope thing change,negative,Labs/Practicals,negative
S1252,Prof. Gupta,Database Systems,1,"Concepts clear nahi hote, sirf slides padh ke chale jaate hain. Needs improvement.",2026-02-03,concept clear nahi sirf slid padh chale need improvement,negative,Teaching,negative
S1028,Prof. Mishra,Artificial Intelligence,1,"Practical sessions are a waste of time, no proper guidance. Hope things change.",2026-02-05,practical session waste time no proper guidance hope thing change,negative,Labs/Practicals,negative
S1272,Prof. Sharma,Artificial Intelligence,4,"Very friendly and approachable, always ready to help students. Overall great experience.",2026-02-06,very friendly approachable alway ready help student overall great experience,positive,Behaviour/Support,positive
S1176,Prof. Sharma,Artificial Intelligence,4,Exams are fair and the paper was based on what was taught. Keep it up sir.,2026-02-06,exam fair paper bas taught keep sir,positive,Exams/Evaluation,positive
S1202,Prof. Mishra,Artificial Intelligence,2,Too many assignments and the deadlines are unreasonable. Please fix this.,2026-02-07,too many assignment deadlin unreasonable please fix,negative,Exams/Evaluation,negative
S1013,Dr. Verma,Data Structures,1,"Not approachable at all, students are scared to ask questions. Please fix this.",2026-02-07,not approachable student scar ask question please fix,negative,Behaviour/Support,negative
S1282,Dr. Verma,Data Structures,2,"Padhai theek thaak hai, kabhi accha kabhi average. Could be better.",2026-02-07,padhai theek thaak kabhi accha kabhi average better,negative,Teaching,neutral
S1113,Dr. Verma,Data Structures,5,"Mam bahut acche se explain karti hain, doubts clear ho jaate hain. Overall great experience.",2026-02-07,mam bahut acche explain doubt clear overall great experience,positive,Teaching,positive
S1170,Prof. Sharma,Artificial Intelligence,5,"Very helpful faculty, explains difficult topics in a simple way. Highly recommended!",2026-02-08,very helpful faculty explain difficult topic simple way highly recommend,positive,Teaching,positive
S1206,Prof. Mishra,Artificial Intelligence,2,"Concepts clear nahi hote, sirf slides padh ke chale jaate hain. Needs improvement.",2026-02-08,concept clear nahi sirf slid padh chale need improvement,negative,Teaching,negative
S1102,Prof. Gupta,Database Systems,1,"Practical sessions are a waste of time, no proper guidance. Bahut disappointing hai.",2026-02-09,practical session waste time no proper guidance bahut disappoint,negative,Labs/Practicals,negative
S1263,Prof. Sharma,Artificial Intelligence,4,"Lab mein sab kuch implement karna sikhaya, really good. Keep it up sir.",2026-02-09,lab implement sikhaya really good keep sir,positive,Labs/Practicals,positive
S1051,Dr. Verma,Data Structures,3,"Practicals theek hain, thoda aur time milna chahiye.",2026-02-09,practical theek thoda time milna chahiye,neutral,Labs/Practicals,neutral
S1234,Prof. Sharma,Artificial Intelligence,4,Respectful teacher who motivates the whole class. Highly recommended!,2026-02-10,respectful teacher motivat whole class highly recommend,positive,Teaching,positive
S1194,Dr. Verma,Data Structures,4,"Teacher theek hain, kabhi kabhi class late start hoti hai. Chal jata hai.",2026-02-11,teacher theek kabhi kabhi class late start chal,positive,Teaching,negative
S1027,Prof. Mishra,Artificial Intelligence,4,"Lab sessions are very useful, practical knowledge mila. Keep it up sir.",2026-02-12,lab session very useful practical knowledge mila keep sir,positive,Labs/Practicals,positive
S1252,Dr. Singh,Operating Systems,5,"Sir ka padhane ka tarika bahut accha hai, sab kuch easily samajh aata hai. Overall great experience.",2026-02-12,sir padhane tarika bahut accha easily samajh aata overall great experience,positive,Teaching,positive
S1197,Prof. Gupta,Database Systems,3,"Behaviour is okay, not very friendly but not rude.",2026-02-12,behaviour okay not very friendly not rude,neutral,Behaviour/Support,neutral
S1249,Prof. Gupta,Database Systems,1,Course content is too heavy and badly organised. Hope things change.,2026-02-13,course content too heavy badly organis hope thing change,negative,Course Content,negative
S1192,Prof. Gupta,Database Systems,1,"Bahut tez padhate hain, kuch samajh nahi aata. Bahut disappointing hai.",2026-02-13,bahut tez padhate samajh nahi aata bahut disappoint,negative,Teaching,negative
S1003,Dr. Verma,Data Structures,2,"Teacher theek hain, kabhi kabhi class late start hoti hai. Chal jata hai.",2026-02-14,teacher theek kabhi kabhi class late start chal,negative,Teaching,negative
S1030,Prof. Gupta,Database Systems,1,"Syllabus bahut zyada hai aur time kam, complete nahi hota. Please fix this.",2026-02-14,syllabus bahut zyada time kam complete nahi please fix,negative,Labs/Practicals,negative
S1134,Dr. Singh,Operating Systems,1,"Bahut tez padhate hain, kuch samajh nahi aata. Bahut disappointing hai.",2026-02-15,bahut tez padhate samajh nahi aata bahut disappoint,negative,Teaching,negative
S1121,Dr. Verma,Data Structures,4,"Padhai theek thaak hai, kabhi accha kabhi average.",2026-02-15,padhai theek thaak kabhi accha kabhi average,positive,Teaching,positive
S1218,Prof. Gupta,Database Systems,3,"Padhai theek thaak hai, kabhi accha kabhi average. Could be better.",2026-02-16,padhai theek thaak kabhi accha kabhi average better,neutral,Teaching,neutral
S1180,Prof. Mishra,Artificial Intelligence,2,Too many assignments and the deadlines are unreasonable. Hope things change.,2026-02-17,too many assignment deadlin unreasonable hope thing change,negative,Exams/Evaluation,negative
S1275,Dr. Verma,Data Structures,4,Lab is fine but sometimes the systems are slow. Could be better.,2026-02-17,lab fine sometim system slow better,positive,Labs/Practicals,positive
S1107,Dr. Singh,Operating Systems,5,"Lab mein sab kuch implement karna sikhaya, really good. Overall great experience.",2026-02-17,lab implement sikhaya really good overall great experience,positive,Labs/Practicals,positive
S1218,Dr. Verma,Data Structures,1,"Syllabus bahut zyada hai aur time kam, complete nahi hota. Hope things change.",2026-02-18,syllabus bahut zyada time kam complete nahi hope thing change,negative,Labs/Practicals,negative
S1133,Prof. Gupta,Database Systems,3,"Teacher theek hain, kabhi kabhi class late start hoti hai. Could be better.",2026-02-19,teacher theek kabhi kabhi class late start better,neutral,Teaching,neutral
S1220,Prof. Sharma,Artificial Intelligence,4,Assignments are useful and feedback on them is quick. Overall great experience.,2026-02-19,assignment useful feedback quick overall great experience,positive,Exams/Evaluation,positive
S1076,Prof. Mishra,Artificial Intelligence,4,"Great teacher, always patient and the lectures are engaging. Overall great experience.",2026-02-19,great teacher alway patient lectur engag overall great experience,positive,Teaching,positive
S1166,Dr. Singh,Operating Systems,5,"Good coverage of topics, notes bhi bahut helpful hain. Mazaa aa gaya.",2026-02-20,good coverage topic not bahut helpful mazaa aa gaya,positive,Course Content,positive
S1048,Dr. Verma,Data Structures,4,"Good coverage of topics, notes bhi bahut helpful hain.",2026-02-21,good coverage topic not bahut helpful,positive,Course Content,positive
S1196,Prof. Gupta,Database Systems,2,"Content theek hai, par examples aur hone chahiye. Chal jata hai.",2026-02-22,content theek exampl hone chahiye chal,negative,Exams/Evaluation,neutral
S1260,Prof. Sharma,Artificial Intelligence,4,Respectful teacher who motivates the whole class. Overall great experience.,2026-02-22,respectful teacher motivat whole class overall great experience,positive,Teaching,positive
S1240,Prof. Mishra,Artificial Intelligence,3,"Syllabus is okay, some topics feel outdated. Chal jata hai.",2026-02-23,syllabus okay topic feel outdat chal,neutral,Course Content,neutral
S1252,Dr. Verma,Data Structures,4,"Evaluation bahut fair hai, marks sahi milte hain. Keep it up sir.",2026-02-24,evaluation bahut fair mark sahi milte keep sir,positive,Exams/Evaluation,positive
S1109,Prof. Sharma,Artificial Intelligence,4,"Very helpful faculty, explains difficult topics in a simple way. Keep it up sir.",2026-02-25,very helpful faculty explain difficult topic simple way keep sir,positive,Teaching,positive
S1258,Dr. Singh,Operating Systems,3,"Exam was moderate, some questions were tricky. Overall okay.",2026-02-25,exam moderate question tricky overall okay,neutral,Exams/Evaluation,neutral
S1219,Prof. Sharma,Artificial Intelligence,1,Poor lab facilities and the instructor never helps in practicals. Hope things change.,2026-02-25,poor lab facility instructor never help practical hope thing change,negative,Labs/Practicals,negative
S1163,Prof. Gupta,Database Systems,2,"Content theek hai, par examples aur hone chahiye. Overall okay.",2026-02-26,content theek exampl hone chahiye overall okay,negative,Exams/Evaluation,neutral
S1261,Dr. Singh,Operating Systems,1,"Concepts clear nahi hote, sirf slides padh ke chale jaate hain. Bahut disappointing hai.",2026-02-26,concept clear nahi sirf slid padh chale bahut disappoint,negative,Teaching,negative
S1181,Dr. Verma,Data Structures,2,Course content is too heavy and badly organised. Hope things change.,2026-02-27,course content too heavy badly organis hope thing change,negative,Course Content,negative
S1236,Prof. Sharma,Artificial Intelligence,1,"Practical sessions are a waste of time, no proper guidance.",2026-02-27,practical session waste time no proper guidance,negative,Labs/Practicals,negative
S1183,Dr. Verma,Data Structures,4,"Good coverage of topics, notes bhi bahut helpful hain. Mazaa aa gaya.",2026-02-27,good coverage topic not bahut helpful mazaa aa gaya,positive,Course Content,positive
S1216,Dr. Verma,Data Structures,4,"Behaviour is okay, not very friendly but not rude. Could be better.",2026-02-28,behaviour okay not very friendly not rude better,positive,Behaviour/Support,neutral
S1085,Prof. Mishra,Artificial Intelligence,2,Sir hamesha late aate hain aur class jaldi khatam kar dete hain. Needs improvement.,2026-02-28,sir hamesha late aate class jaldi khatam need improvement,negative,Teaching,negative
S1067,Dr. Verma,Data Structures,5,Syllabus is up to date and very relevant for placements. Highly recommended!,2026-02-28,syllabus date very relevant placement highly recommend,positive,Course Content,positive
S1282,Prof. Mishra,Artificial Intelligence,1,"Syllabus bahut zyada hai aur time kam, complete nahi hota. Needs improvement.",2026-03-01,syllabus bahut zyada time kam complete nahi need improvement,negative,Labs/Practicals,negative
S1001,Prof. Mishra,Artificial Intelligence,4,Study material is well organised and easy to follow. Overall great experience.,2026-03-01,study material well organis easy follow overall great experience,positive,Course Content,positive
S1276,Prof. Sharma,Artificial Intelligence,4,"Great teacher, always patient and the lectures are engaging. Overall great experience.",2026-03-01,great teacher alway patient lectur engag overall great experience,positive,Teaching,positive
S1278,Dr. Singh,Operating Systems,5,"Lab mein sab kuch implement karna sikhaya, really good.",2026-03-03,lab implement sikhaya really good,positive,Labs/Practicals,positive
S1127,Prof. Gupta,Database Systems,1,Sir hamesha late aate hain aur class jaldi khatam kar dete hain. Needs improvement.,2026-03-03,sir hamesha late aate class jaldi khatam need improvement,negative,Teaching,negative
S1146,Dr. Singh,Operating Systems,4,"Very friendly and approachable, always ready to help students.",2026-03-04,very friendly approachable alway ready help student,positive,Behaviour/Support,positive
S1059,Prof. Mishra,Artificial Intelligence,4,"Lab mein sab kuch implement karna sikhaya, really good. Overall great experience.",2026-03-04,lab implement sikhaya really good overall great experience,positive,Labs/Practicals,positive
S1299,Dr. Verma,Data Structures,4,Exams are fair and the paper was based on what was taught. Keep it up sir.,2026-03-05,exam fair paper bas taught keep sir,positive,Exams/Evaluation,positive
S1047,Dr. Singh,Operating Systems,1,Teacher is rude and does not respect students. Needs improvement.,2026-03-06,teacher rude not respect student need improvement,negative,Behaviour/Support,negative
S1146,Prof. Gupta,Database Systems,2,"Exam pattern kabhi clear nahi hota, bahut confusion rehta hai. Please fix this.",2026-03-06,exam pattern kabhi clear nahi bahut confusion rehta please fix,negative,Exams/Evaluation,negative
S1164,Prof. Sharma,Artificial Intelligence,4,"Evaluation bahut fair hai, marks sahi milte hain.",2026-03-06,evaluation bahut fair mark sahi milte,positive,Exams/Evaluation,positive
S1157,Prof. Sharma,Artificial Intelligence,4,Syllabus is up to date and very relevant for placements. Overall great experience.,2026-03-07,syllabus date very relevant placement overall great experience,positive,Course Content,positive
S1078,Prof. Sharma,Artificial Intelligence,3,"Teaching is okay, kuch topics samajh aate hain kuch nahi. Chal jata hai.",2026-03-07,teach okay topic samajh aate nahi chal,neutral,Teaching,neutral
S1294,Prof. Mishra,Artificial Intelligence,5,"Terrible teaching, we have to study everything on our own.",2026-03-07,terrible teach study everything own,positive,Teaching,negative
S1122,Prof. Mishra,Artificial Intelligence,3,"Teacher theek hain, kabhi kabhi class late start hoti hai. Chal jata hai.",2026-03-08,teacher theek kabhi kabhi class late start chal,neutral,Teaching,negative
S1055,Dr. Singh,Operating Systems,4,"Excellent teaching, concepts are explained very clearly with examples. Overall great experience.",2026-03-09,excellent teach concept explain very clearly exampl overall great experience,positive,Teaching,positive
S1142,Prof. Gupta,Database Systems,2,"Lectures are average, nothing special but not bad either. Could be better.",2026-03-09,lectur average nothing special not bad either better,negative,Teaching,neutral
S1067,Prof. Sharma,Artificial Intelligence,5,Syllabus is up to date and very relevant for placements. Mazaa aa gaya.,2026-03-09,syllabus date very relevant placement mazaa aa gaya,positive,Course Content,positive
S1191,Prof. Gupta,Database Systems,4,"Very friendly and approachable, always ready to help students. Keep it up sir.",2026-03-10,very friendly approachable alway ready help student keep sir,positive,Behaviour/Support,positive
S1123,Dr. Singh,Operating Systems,1,"Padhane ka tarika bekaar hai, speed bahut fast hai. Hope things change.",2026-03-10,padhane tarika bekaar speed bahut fast hope thing change,negative,Teaching,negative
S1235,Dr. Verma,Data Structures,4,"Sir bahut supportive hain, kabhi bhi doubt puch sakte hain. Highly recommended!",2026-03-11,sir bahut supportive kabhi doubt puch sakte highly recommend,positive,Teaching,positive
S1074,Prof. Sharma,Artificial Intelligence,5,"Lab mein sab kuch implement karna sikhaya, really good. Mazaa aa gaya.",2026-03-11,lab implement sikhaya really good mazaa aa gaya,positive,Labs/Practicals,positive
S1157,Dr. Verma,Data Structures,4,"Assignments theek the, thoda zyada the but manageable.",2026-03-12,assignment theek thoda zyada manageable,positive,Exams/Evaluation,neutral
S1151,Prof. Mishra,Artificial Intelligence,3,"Paper average tha, na bahut easy na bahut hard. Chal jata hai.",2026-03-12,paper average na bahut easy na bahut hard chal,neutral,Exams/Evaluation,neutral
S1065,Prof. Gupta,Database Systems,3,"Lab work is okay, nothing great. Chal jata hai.",2026-03-12,lab work okay nothing great chal,neutral,Labs/Practicals,neutral
S1060,Prof. Sharma,Artificial Intelligence,4,Good lab guidance and the experiments are well planned.,2026-03-13,good lab guidance experiment well plann,positive,Labs/Practicals,positive
S1058,Prof. Sharma,Artificial Intelligence,3,"Behaviour is okay, not very friendly but not rude. Could be better.",2026-03-13,behaviour okay not very friendly not rude better,neutral,Behaviour/Support,neutral
S1007,Prof. Gupta,Database Systems,3,"Practicals theek hain, thoda aur time milna chahiye. Overall okay.",2026-03-13,practical theek thoda time milna chahiye overall okay,neutral,Labs/Practicals,negative
S1238,Dr. Verma,Data Structures,4,Study material is well organised and easy to follow. Highly recommended!,2026-03-13,study material well organis easy follow highly recommend,positive,Course Content,positive
S1151,Prof. Sharma,Artificial Intelligence,3,"Teaching is okay, kuch topics samajh aate hain kuch nahi. Could be better.",2026-03-13,teach okay topic samajh aate nahi better,neutral,Teaching,neutral
S1205,Prof. Mishra,Artificial Intelligence,3,"Exam was moderate, some questions were tricky. Chal jata hai.",2026-03-14,exam moderate question tricky chal,neutral,Exams/Evaluation,neutral
S1127,Dr. Verma,Data Structures,2,"Concepts clear nahi hote, sirf slides padh ke chale jaate hain. Bahut disappointing hai.",2026-03-14,concept clear nahi sirf slid padh chale bahut disappoint,negative,Teaching,negative
S1259,Prof. Mishra,Artificial Intelligence,2,"Lab mein computers kaam nahi karte, practical ho hi nahi paata. Bahut disappointing hai.",2026-03-14,lab computer kaam nahi practical nahi paata bahut disappoint,negative,Labs/Practicals,negative
S1154,Prof. Mishra,Artificial Intelligence,1,"Practical sessions are a waste of time, no proper guidance. Hope things change.",2026-03-14,practical session waste time no proper guidance hope thing change,negative,Labs/Practicals,negative
S1164,Prof. Sharma,Artificial Intelligence,2,"Practical sessions are a waste of time, no proper guidance. Bahut disappointing hai.",2026-03-14,practical session waste time no proper guidance bahut disappoint,negative,Labs/Practicals,negative
S1194,Prof. Gupta,Database Systems,1,"Concepts clear nahi hote, sirf slides padh ke chale jaate hain.",2026-03-15,concept clear nahi sirf slid padh chale,negative,Teaching,negative
S1079,Prof. Sharma,Artificial Intelligence,1,Lab sessions bahut kam hote hain aur experiments samajh nahi aate. Needs improvement.,2026-03-15,lab session bahut kam experiment samajh nahi aate need improvement,negative,Labs/Practicals,negative
S1219,Prof. Gupta,Database Systems,5,"Lab mein sab kuch implement karna sikhaya, really good. Overall great experience.",2026-03-15,lab implement sikhaya really good overall great experience,positive,Labs/Practicals,positive
S1163,Prof. Sharma,Artificial Intelligence,5,"Course content bahut useful hai, industry ke kaam aayega. Mazaa aa gaya.",2026-03-15,course content bahut useful industry kaam aayega mazaa aa gaya,positive,Course Content,positive
S1001,Prof. Mishra,Artificial Intelligence,3,Lab is fine but sometimes the systems are slow. Could be better.,2026-03-16,lab fine sometim system slow better,neutral,Labs/Practicals,positive
S1126,Prof. Sharma,Artificial Intelligence,4,Study material is well organised and easy to follow. Keep it up sir.,2026-03-16,study material well organis easy follow keep sir,positive,Course Content,positive
S1166,Prof. Gupta,Database Systems,4,"Teaching is okay, kuch topics samajh aate hain kuch nahi.",2026-03-16,teach okay topic samajh aate nahi,positive,Teaching,positive
S1194,Prof. Gupta,Database Systems,3,"Practicals theek hain, thoda aur time milna chahiye. Could be better.",2026-03-17,practical theek thoda time milna chahiye better,neutral,Labs/Practicals,neutral
S1044,Dr. Singh,Operating Systems,5,Respectful teacher who motivates the whole class. Mazaa aa gaya.,2026-03-17,respectful teacher motivat whole class mazaa aa gaya,positive,Teaching,positive
S1226,Prof. Sharma,Artificial Intelligence,2,Paper bahut tough tha aur syllabus se bahar ke questions aaye. Please fix this.,2026-03-17,paper bahut tough syllabus bahar question aaye please fix,negative,Exams/Evaluation,negative
S1044,Prof. Mishra,Artificial Intelligence,1,"Exam pattern kabhi clear nahi hota, bahut confusion rehta hai. Hope things change.",2026-03-17,exam pattern kabhi clear nahi bahut confusion rehta hope thing change,negative,Exams/Evaluation,negative
S1189,Prof. Mishra,Artificial Intelligence,3,"Exam was moderate, some questions were tricky. Could be better.",2026-03-18,exam moderate question tricky better,neutral,Exams/Evaluation,neutral
S1265,Prof. Mishra,Artificial Intelligence,5,"Practical classes bahut helpful hain, hands-on experience accha hai. Mazaa aa gaya.",2026-03-18,practical class bahut helpful hand experience accha mazaa aa gaya,positive,Labs/Practicals,positive
S1291,Dr. Verma,Data Structures,1,"Lab mein computers kaam nahi karte, practical ho hi nahi paata. Needs improvement.",2026-03-19,lab computer kaam nahi practical nahi paata need improvement,negative,Labs/Practicals,negative
S1097,Dr. Singh,Operating Systems,1,"Bahut strict aur rude behaviour hai, koi support nahi milta. Bahut disappointing hai.",2026-03-19,bahut strict rude behaviour koi support nahi milta bahut disappoint,negative,Behaviour/Support,negative
S1283,Dr. Singh,Operating Systems,4,Syllabus is up to date and very relevant for placements.,2026-03-19,syllabus date very relevant placement,positive,Course Content,positive
S1152,Prof. Gupta,Database Systems,1,"Practical sessions are a waste of time, no proper guidance. Bahut disappointing hai.",2026-03-19,practical session waste time no proper guidance bahut disappoint,negative,Labs/Practicals,negative
S1140,Dr. Verma,Data Structures,3,"Content theek hai, par examples aur hone chahiye.",2026-03-19,content theek exampl hone chahiye,neutral,Exams/Evaluation,neutral
S1275,Dr. Verma,Data Structures,5,"Great teacher, always patient and the lectures are engaging. Mazaa aa gaya.",2026-03-19,great teacher alway patient lectur engag mazaa aa gaya,positive,Teaching,positive
S1074,Prof. Sharma,Artificial Intelligence,4,Mam hamesha time pe aati hain aur students ki help karti hain. Keep it up sir.,2026-03-20,mam hamesha time aati student help keep sir,positive,Behaviour/Support,positive
S1163,Prof. Gupta,Database Systems,1,Poor lab facilities and the instructor never helps in practicals. Bahut disappointing hai.,2026-03-20,poor lab facility instructor never help practical bahut disappoint,negative,Labs/Practicals,negative
S1017,Dr. Singh,Operating Systems,4,"Course content bahut useful hai, industry ke kaam aayega. Highly recommended!",2026-03-21,course content bahut useful industry kaam aayega highly recommend,positive,Course Content,positive
S1180,Dr. Singh,Operating Systems,2,Teacher is rude and does not respect students.,2026-03-22,teacher rude not respect student,negative,Behaviour/Support,negative
S1226,Dr. Verma,Data Structures,4,"Course content bahut useful hai, industry ke kaam aayega.",2026-03-22,course content bahut useful industry kaam aayega,positive,Course Content,positive
S1207,Dr. Singh,Operating Systems,3,"The teaching style is fine, can be improved a little. Could be better.",2026-03-22,teach style fine improv little better,neutral,Teaching,neutral
S1115,Prof. Gupta,Database Systems,2,Teacher does not clear doubts and ignores our questions. Hope things change.,2026-03-22,teacher not clear doubt ignor question hope thing change,negative,Teaching,negative
S1069,Prof. Gupta,Database Systems,2,Course content is too heavy and badly organised. Hope things change.,2026-03-22,course content too heavy badly organis hope thing change,negative,Course Content,negative
S1023,Prof. Gupta,Database Systems,3,"The teaching style is fine, can be improved a little. Could be better.",2026-03-22,teach style fine improv little better,neutral,Teaching,neutral
S1170,Dr. Verma,Data Structures,1,Sir hamesha late aate hain aur class jaldi khatam kar dete hain. Hope things change.,2026-03-23,sir hamesha late aate class jaldi khatam hope thing change,negative,Teaching,negative
S1004,Dr. Singh,Operating Systems,5,Paper pattern clear tha aur syllabus ke andar tha. Highly recommended!,2026-03-23,paper pattern clear syllabus andar highly recommend,positive,Exams/Evaluation,positive
S1185,Prof. Gupta,Database Systems,1,Teacher is rude and does not respect students. Hope things change.,2026-03-25,teacher rude not respect student hope thing change,negative,Behaviour/Support,negative
S1098,Prof. Gupta,Database Systems,3,"Content theek hai, par examples aur hone chahiye. Could be better.",2026-03-26,content theek exampl hone chahiye better,neutral,Exams/Evaluation,neutral
S1048,Dr. Singh,Operating Systems,2,"Practicals theek hain, thoda aur time milna chahiye. Could be better.",2026-03-26,practical theek thoda time milna chahiye better,negative,Labs/Practicals,neutral
S1295,Prof. Gupta,Database Systems,1,"Bahut strict aur rude behaviour hai, koi support nahi milta. Please fix this.",2026-03-26,bahut strict rude behaviour koi support nahi milta please fix,negative,Behaviour/Support,negative
S1068,Prof. Gupta,Database Systems,1,Sir hamesha late aate hain aur class jaldi khatam kar dete hain. Bahut disappointing hai.,2026-03-26,sir hamesha late aate class jaldi khatam bahut disappoint,negative,Teaching,negative
S1014,Prof. Sharma,Artificial Intelligence,5,"Evaluation bahut fair hai, marks sahi milte hain. Keep it up sir.",2026-03-27,evaluation bahut fair mark sahi milte keep sir,positive,Exams/Evaluation,positive
S1170,Dr. Verma,Data Structures,2,"Syllabus bahut zyada hai aur time kam, complete nahi hota. Needs improvement.",2026-03-28,syllabus bahut zyada time kam complete nahi need improvement,negative,Labs/Practicals,negative
S1041,Dr. Singh,Operating Systems,2,Syllabus is outdated and not useful for jobs. Hope things change.,2026-03-28,syllabus outdat not useful jobs hope thing change,negative,Course Content,negative
S1287,Dr. Verma,Data Structures,5,Mam hamesha time pe aati hain aur students ki help karti hain. Overall great experience.,2026-03-29,mam hamesha time aati student help overall great experience,positive,Behaviour/Support,positive
S1188,Prof. Gupta,Database Systems,2,"Teacher theek hain, kabhi kabhi class late start hoti hai. Could be better.",2026-03-30,teacher theek kabhi kabhi class late start better,negative,Teaching,neutral
S1136,Dr. Verma,Data Structures,4,"Lab sessions are very useful, practical knowledge mila. Mazaa aa gaya.",2026-03-30,lab session very useful practical knowledge mila mazaa aa gaya,positive,Labs/Practicals,positive
S1204,Dr. Verma,Data Structures,4,"Exam was moderate, some questions were tricky. Overall okay.",2026-03-30,exam moderate question tricky overall okay,positive,Exams/Evaluation,neutral
S1176,Prof. Sharma,Artificial Intelligence,4,Paper pattern clear tha aur syllabus ke andar tha. Highly recommended!,2026-03-31,paper pattern clear syllabus andar highly recommend,positive,Exams/Evaluation,positive
S1054,Dr. Singh,Operating Systems,4,Exams are fair and the paper was based on what was taught. Overall great experience.,2026-03-31,exam fair paper bas taught overall great experience,positive,Exams/Evaluation,positive
S1158,Prof. Mishra,Artificial Intelligence,2,Paper bahut tough tha aur syllabus se bahar ke questions aaye. Please fix this.,2026-04-01,paper bahut tough syllabus bahar question aaye please fix,negative,Exams/Evaluation,negative
S1104,Dr. Singh,Operating Systems,4,"Mam bahut acche se explain karti hain, doubts clear ho jaate hain. Keep it up sir.",2026-04-02,mam bahut acche explain doubt clear keep sir,positive,Teaching,positive
S1038,Prof. Sharma,Artificial Intelligence,4,Exams are fair and the paper was based on what was taught. Overall great experience.,2026-04-02,exam fair paper bas taught overall great experience,positive,Exams/Evaluation,positive
S1058,Dr. Singh,Operating Systems,3,"Content theek hai, par examples aur hone chahiye. Could be better.",2026-04-03,content theek exampl hone chahiye better,neutral,Exams/Evaluation,neutral
S1077,Prof. Mishra,Artificial Intelligence,4,"Assignments theek the, thoda zyada the but manageable.",2026-04-03,assignment theek thoda zyada manageable,positive,Exams/Evaluation,neutral
S1274,Prof. Mishra,Artificial Intelligence,1,Teaching is boring and the lectures are confusing.,2026-04-03,teach bor lectur confus,negative,Teaching,negative
S1235,Dr. Verma,Data Structures,2,"The teaching style is fine, can be improved a little. Overall okay.",2026-04-04,teach style fine improv little overall okay,negative,Teaching,negative
S1072,Dr. Singh,Operating Systems,5,"Sir bahut supportive hain, kabhi bhi doubt puch sakte hain. Mazaa aa gaya.",2026-04-04,sir bahut supportive kabhi doubt puch sakte mazaa aa gaya,positive,Teaching,positive
S1072,Prof. Sharma,Artificial Intelligence,5,Paper pattern clear tha aur syllabus ke andar tha. Overall great experience.,2026-04-04,paper pattern clear syllabus andar overall great experience,positive,Exams/Evaluation,positive
S1058,Dr. Singh,Operating Systems,4,"Paper average tha, na bahut easy na bahut hard.",2026-04-04,paper average na bahut easy na bahut hard,positive,Exams/Evaluation,positive
S1225,Dr. Verma,Data Structures,4,Lab is fine but sometimes the systems are slow. Overall okay.,2026-04-04,lab fine sometim system slow overall okay,positive,Labs/Practicals,positive
S1220,Dr. Singh,Operating Systems,5,"Good coverage of topics, notes bhi bahut helpful hain. Highly recommended!",2026-04-05,good coverage topic not bahut helpful highly recommend,positive,Course Content,positive
S1159,Prof. Gupta,Database Systems,1,Course content is too heavy and badly organised. Hope things change.,2026-04-05,course content too heavy badly organis hope thing change,negative,Course Content,negative
S1129,Prof. Sharma,Artificial Intelligence,1,Sir hamesha late aate hain aur class jaldi khatam kar dete hain. Please fix this.,2026-04-05,sir hamesha late aate class jaldi khatam please fix,negative,Teaching,negative
S1049,Dr. Singh,Operating Systems,5,"Practical classes bahut helpful hain, hands-on experience accha hai. Mazaa aa gaya.",2026-04-06,practical class bahut helpful hand experience accha mazaa aa gaya,positive,Labs/Practicals,positive
S1020,Prof. Sharma,Artificial Intelligence,3,"Behaviour is okay, not very friendly but not rude.",2026-04-06,behaviour okay not very friendly not rude,neutral,Behaviour/Support,neutral
S1250,Prof. Gupta,Database Systems,3,"Teacher theek hain, kabhi kabhi class late start hoti hai.",2026-04-06,teacher theek kabhi kabhi class late start,neutral,Teaching,neutral
S1194,Prof. Sharma,Artificial Intelligence,4,Mam hamesha time pe aati hain aur students ki help karti hain.,2026-04-06,mam hamesha time aati student help,positive,Behaviour/Support,positive
S1204,Prof. Gupta,Database Systems,4,Respectful teacher who motivates the whole class.,2026-04-07,respectful teacher motivat whole class,positive,Teaching,positive
S1039,Dr. Singh,Operating Systems,4,Good lab guidance and the experiments are well planned. Mazaa aa gaya.,2026-04-07,good lab guidance experiment well plann mazaa aa gaya,positive,Labs/Practicals,positive
S1135,Prof. Gupta,Database Systems,3,"Content theek hai, par examples aur hone chahiye. Overall okay.",2026-04-08,content theek exampl hone chahiye overall okay,neutral,Exams/Evaluation,neutral
S1201,Dr. Singh,Operating Systems,2,Lab sessions bahut kam hote hain aur experiments samajh nahi aate. Hope things change.,2026-04-08,lab session bahut kam experiment samajh nahi aate hope thing change,negative,Labs/Practicals,negative
S1278,Dr. Verma,Data Structures,4,"Teacher theek hain, kabhi kabhi class late start hoti hai. Overall okay.",2026-04-08,teacher theek kabhi kabhi class late start overall okay,positive,Teaching,positive
S1230,Dr. Verma,Data Structures,2,Assignments are useful and feedback on them is quick. Keep it up sir.,2026-04-09,assignment useful feedback quick keep sir,negative,Exams/Evaluation,positive
S1151,Prof. Sharma,Artificial Intelligence,4,Good lab guidance and the experiments are well planned.,2026-04-09,good lab guidance experiment well plann,positive,Labs/Practicals,positive
S1230,Prof. Mishra,Artificial Intelligence,4,"Lab mein sab kuch implement karna sikhaya, really good. Highly recommended!",2026-04-09,lab implement sikhaya really good highly recommend,positive,Labs/Practicals,positive
S1004,Prof. Sharma,Artificial Intelligence,3,"Assignments theek the, thoda zyada the but manageable. Could be better.",2026-04-09,assignment theek thoda zyada manageable better,neutral,Exams/Evaluation,neutral
S1233,Dr. Singh,Operating Systems,5,"Lab sessions are very useful, practical knowledge mila. Highly recommended!",2026-04-10,lab session very useful practical knowledge mila highly recommend,positive,Labs/Practicals,positive
S1089,Dr. Singh,Operating Systems,3,"Lab work is okay, nothing great. Could be better.",2026-04-11,lab work okay nothing great better,neutral,Labs/Practicals,neutral
S1166,Prof. Mishra,Artificial Intelligence,4,"Lab mein sab kuch implement karna sikhaya, really good.",2026-04-12,lab implement sikhaya really good,positive,Labs/Practicals,positive
S1070,Prof. Sharma,Artificial Intelligence,4,"Excellent teaching, concepts are explained very clearly with examples. Mazaa aa gaya.",2026-04-12,excellent teach concept explain very clearly exampl mazaa aa gaya,positive,Teaching,positive
S1195,Dr. Singh,Operating Systems,4,Syllabus is up to date and very relevant for placements. Mazaa aa gaya.,2026-04-13,syllabus date very relevant placement mazaa aa gaya,positive,Course Content,positive
S1117,Dr. Singh,Operating Systems,5,Exams are fair and the paper was based on what was taught. Keep it up sir.,2026-04-13,exam fair paper bas taught keep sir,positive,Exams/Evaluation,positive
S1001,Dr. Verma,Data Structures,5,"Course content bahut useful hai, industry ke kaam aayega. Keep it up sir.",2026-04-14,course content bahut useful industry kaam aayega keep sir,positive,Course Content,positive
S1144,Dr. Verma,Data Structures,3,"Course is average, covers basics only. Chal jata hai.",2026-04-14,course average cover basic only chal,neutral,Course Content,neutral
S1078,Prof. Gupta,Database Systems,1,Teaching is boring and the lectures are confusing. Bahut disappointing hai.,2026-04-14,teach bor lectur confus bahut disappoint,negative,Teaching,negative
S1278,Prof. Sharma,Artificial Intelligence,4,"Good coverage of topics, notes bhi bahut helpful hain. Keep it up sir.",2026-04-14,good coverage topic not bahut helpful keep sir,positive,Course Content,positive
S1049,Prof. Sharma,Artificial Intelligence,4,Study material is well organised and easy to follow.,2026-04-15,study material well organis easy follow,positive,Course Content,positive
S1275,Dr. Singh,Operating Systems,5,"Sir bahut supportive hain, kabhi bhi doubt puch sakte hain. Mazaa aa gaya.",2026-04-15,sir bahut supportive kabhi doubt puch sakte mazaa aa gaya,positive,Teaching,positive
S1293,Prof. Gupta,Database Systems,1,Marking is unfair and we never get proper feedback on exams. Please fix this.,2026-04-15,mark unfair never get proper feedback exam please fix,negative,Exams/Evaluation,negative
S1025,Prof. Mishra,Artificial Intelligence,2,"Not approachable at all, students are scared to ask questions. Bahut disappointing hai.",2026-04-15,not approachable student scar ask question bahut disappoint,negative,Behaviour/Support,negative
S1018,Prof. Mishra,Artificial Intelligence,3,"Lectures are average, nothing special but not bad either.",2026-04-16,lectur average nothing special not bad either,neutral,Teaching,neutral
S1104,Prof. Sharma,Artificial Intelligence,5,"Lab sessions are very useful, practical knowledge mila. Keep it up sir.",2026-04-16,lab session very useful practical knowledge mila keep sir,positive,Labs/Practicals,positive
S1003,Prof. Gupta,Database Systems,1,Notes aur study material bilkul nahi diye jaate. Hope things change.,2026-04-16,not study material bilkul nahi diye hope thing change,negative,Course Content,negative
S1273,Dr. Singh,Operating Systems,4,"Excellent teaching, concepts are explained very clearly with examples. Keep it up sir.",2026-04-16,excellent teach concept explain very clearly exampl keep sir,positive,Teaching,positive
S1258,Dr. Singh,Operating Systems,4,"Evaluation bahut fair hai, marks sahi milte hain. Mazaa aa gaya.",2026-04-16,evaluation bahut fair mark sahi milte mazaa aa gaya,positive,Exams/Evaluation,positive
S1223,Prof. Gupta,Database Systems,1,Teacher does not clear doubts and ignores our questions. Bahut disappointing hai.,2026-04-17,teacher not clear doubt ignor question bahut disappoint,negative,Teaching,negative
S1023,Prof. Sharma,Artificial Intelligence,5,"Sir ka padhane ka tarika bahut accha hai, sab kuch easily samajh aata hai. Highly recommended!",2026-04-17,sir padhane tarika bahut accha easily samajh aata highly recommend,positive,Teaching,positive
S1120,Dr. Verma,Data Structures,5,"Very friendly and approachable, always ready to help students. Highly recommended!",2026-04-18,very friendly approachable alway ready help student highly recommend,positive,Behaviour/Support,positive
S1167,Prof. Gupta,Database Systems,2,"Class mein bilkul maza nahi aata, lecture bahut boring hai.",2026-04-18,class bilkul maza nahi aata lecture bahut bor,negative,Teaching,negative
S1154,Prof. Gupta,Database Systems,3,"Practicals theek hain, thoda aur time milna chahiye.",2026-04-18,practical theek thoda time milna chahiye,neutral,Labs/Practicals,neutral
S1219,Prof. Mishra,Artificial Intelligence,1,Syllabus is outdated and not useful for jobs. Please fix this.,2026-04-18,syllabus outdat not useful jobs please fix,negative,Course Content,negative
S1282,Dr. Singh,Operating Systems,4,"Sir bahut supportive hain, kabhi bhi doubt puch sakte hain. Highly recommended!",2026-04-19,sir bahut supportive kabhi doubt puch sakte highly recommend,positive,Teaching,positive
S1097,Dr. Verma,Data Structures,3,"Syllabus is okay, some topics feel outdated. Overall okay.",2026-04-19,syllabus okay topic feel outdat overall okay,neutral,Course Content,positive
S1077,Dr. Verma,Data Structures,4,"Great teacher, always patient and the lectures are engaging. Overall great experience.",2026-04-20,great teacher alway patient lectur engag overall great experience,positive,Teaching,positive
S1266,Dr. Singh,Operating Systems,1,Lab sessions bahut kam hote hain aur experiments samajh nahi aate. Needs improvement.,2026-04-20,lab session bahut kam experiment samajh nahi aate need improvement,negative,Labs/Practicals,negative
S1013,Prof. Mishra,Artificial Intelligence,4,Syllabus is up to date and very relevant for placements. Highly recommended!,2026-04-21,syllabus date very relevant placement highly recommend,positive,Course Content,positive
S1191,Prof. Mishra,Artificial Intelligence,2,"Practicals theek hain, thoda aur time milna chahiye. Chal jata hai.",2026-04-21,practical theek thoda time milna chahiye chal,negative,Labs/Practicals,neutral
S1256,Dr. Verma,Data Structures,4,"Lecture ekdum mast hota hai, class mein maza aata hai.",2026-04-21,lecture ekdum mast class maza aata,positive,Teaching,positive
S1105,Dr. Verma,Data Structures,4,Study material is well organised and easy to follow.,2026-04-22,study material well organis easy follow,positive,Course Content,positive
S1276,Prof. Sharma,Artificial Intelligence,4,"Sir bahut supportive hain, kabhi bhi doubt puch sakte hain. Keep it up sir.",2026-04-22,sir bahut supportive kabhi doubt puch sakte keep sir,positive,Teaching,positive
S1064,Prof. Sharma,Artificial Intelligence,5,"Lab mein sab kuch implement karna sikhaya, really good. Overall great experience.",2026-04-22,lab implement sikhaya really good overall great experience,positive,Labs/Practicals,positive
S1122,Prof. Mishra,Artificial Intelligence,2,"Class mein bilkul maza nahi aata, lecture bahut boring hai. Please fix this.",2026-04-22,class bilkul maza nahi aata lecture bahut bor please fix,negative,Teaching,negative
S1291,Prof. Mishra,Artificial Intelligence,5,"Very helpful faculty, explains difficult topics in a simple way. Mazaa aa gaya.",2026-04-22,very helpful faculty explain difficult topic simple way mazaa aa gaya,positive,Teaching,positive
S1121,Prof. Sharma,Artificial Intelligence,1,"Padhane ka tarika bekaar hai, speed bahut fast hai. Bahut disappointing hai.",2026-04-22,padhane tarika bekaar speed bahut fast bahut disappoint,negative,Teaching,negative
S1267,Dr. Singh,Operating Systems,1,Sir hamesha late aate hain aur class jaldi khatam kar dete hain.,2026-04-22,sir hamesha late aate class jaldi khatam,negative,Teaching,negative
S1157,Prof. Mishra,Artificial Intelligence,1,Lab sessions bahut kam hote hain aur experiments samajh nahi aate. Needs improvement.,2026-04-22,lab session bahut kam experiment samajh nahi aate need improvement,negative,Labs/Practicals,negative
S1278,Prof. Mishra,Artificial Intelligence,4,"Lab sessions are very useful, practical knowledge mila. Overall great experience.",2026-04-23,lab session very useful practical knowledge mila overall great experience,positive,Labs/Practicals,positive
S1119,Prof. Gupta,Database Systems,2,"Lab mein computers kaam nahi karte, practical ho hi nahi paata. Hope things change.",2026-04-24,lab computer kaam nahi practical nahi paata hope thing change,negative,Labs/Practicals,negative
S1160,Dr. Singh,Operating Systems,4,"Lab sessions are very useful, practical knowledge mila. Mazaa aa gaya.",2026-04-24,lab session very useful practical knowledge mila mazaa aa gaya,positive,Labs/Practicals,positive
S1015,Prof. Mishra,Artificial Intelligence,1,Teacher does not clear doubts and ignores our questions.,2026-04-25,teacher not clear doubt ignor question,negative,Teaching,negative
S1160,Prof. Mishra,Artificial Intelligence,1,Paper bahut tough tha aur syllabus se bahar ke questions aaye. Needs improvement.,2026-04-26,paper bahut tough syllabus bahar question aaye need improvement,negative,Exams/Evaluation,negative
S1147,Dr. Singh,Operating Systems,4,"Lectures are average, nothing special but not bad either. Could be better.",2026-04-27,lectur average nothing special not bad either better,positive,Teaching,neutral
S1051,Dr. Verma,Data Structures,4,"Mam bahut acche se explain karti hain, doubts clear ho jaate hain.",2026-04-27,mam bahut acche explain doubt clear,positive,Teaching,positive
S1044,Dr. Verma,Data Structures,4,"Best teacher, makes the subject interesting and easy to follow. Mazaa aa gaya.",2026-04-27,best teacher mak subject interest easy follow mazaa aa gaya,positive,Teaching,positive
S1139,Prof. Mishra,Artificial Intelligence,1,"Mam bahut acche se explain karti hain, doubts clear ho jaate hain. Highly recommended!",2026-04-28,mam bahut acche explain doubt clear highly recommend,negative,Teaching,positive
S1240,Dr. Singh,Operating Systems,3,"Teacher theek hain, kabhi kabhi class late start hoti hai. Could be better.",2026-04-28,teacher theek kabhi kabhi class late start better,neutral,Teaching,neutral
S1121,Dr. Verma,Data Structures,5,"Sir bahut supportive hain, kabhi bhi doubt puch sakte hain. Keep it up sir.",2026-04-28,sir bahut supportive kabhi doubt puch sakte keep sir,positive,Teaching,positive
S1213,Prof. Mishra,Artificial Intelligence,5,"Excellent teaching, concepts are explained very clearly with examples. Overall great experience.",2026-04-28,excellent teach concept explain very clearly exampl overall great experience,positive,Teaching,positive
S1195,Prof. Sharma,Artificial Intelligence,4,"Practical classes bahut helpful hain, hands-on experience accha hai. Keep it up sir.",2026-04-29,practical class bahut helpful hand experience accha keep sir,positive,Labs/Practicals,positive
S1264,Prof. Mishra,Artificial Intelligence,2,Lab sessions bahut kam hote hain aur experiments samajh nahi aate. Hope things change.,2026-04-30,lab session bahut kam experiment samajh nahi aate hope thing change,negative,Labs/Practicals,negative
S1243,Prof. Gupta,Database Systems,2,"Syllabus bahut zyada hai aur time kam, complete nahi hota.",2026-04-30,syllabus bahut zyada time kam complete nahi,negative,Labs/Practicals,negative
S1055,Prof. Mishra,Artificial Intelligence,4,"Best teacher, makes the subject interesting and easy to follow. Keep it up sir.",2026-04-30,best teacher mak subject interest easy follow keep sir,positive,Teaching,positive
S1236,Prof. Gupta,Database Systems,1,Teacher is rude and does not respect students. Bahut disappointing hai.,2026-04-30,teacher rude not respect student bahut disappoint,negative,Behaviour/Support,negative
S1139,Prof. Sharma,Artificial Intelligence,5,"Very friendly and approachable, always ready to help students. Mazaa aa gaya.",2026-04-30,very friendly approachable alway ready help student mazaa aa gaya,positive,Behaviour/Support,positive
S1037,Prof. Gupta,Database Systems,1,Lab sessions bahut kam hote hain aur experiments samajh nahi aate. Hope things change.,2026-04-30,lab session bahut kam experiment samajh nahi aate hope thing change,negative,Labs/Practicals,negative
S1101,Dr. Verma,Data Structures,5,Lab is fine but sometimes the systems are slow.,2026-04-30,lab fine sometim system slow,positive,Labs/Practicals,positive
S1037,Dr. Verma,Data Structures,4,Lab is fine but sometimes the systems are slow. Chal jata hai.,2026-05-01,lab fine sometim system slow chal,positive,Labs/Practicals,neutral
S1212,Dr. Singh,Operating Systems,4,Mam hamesha time pe aati hain aur students ki help karti hain. Overall great experience.,2026-05-01,mam hamesha time aati student help overall great experience,positive,Behaviour/Support,positive
S1188,Dr. Singh,Operating Systems,4,"Excellent teaching, concepts are explained very clearly with examples. Keep it up sir.",2026-05-01,excellent teach concept explain very clearly exampl keep sir,positive,Teaching,positive
S1204,Prof. Gupta,Database Systems,1,Teacher does not clear doubts and ignores our questions. Bahut disappointing hai.,2026-05-01,teacher not clear doubt ignor question bahut disappoint,negative,Teaching,negative
S1265,Prof. Sharma,Artificial Intelligence,3,"The teaching style is fine, can be improved a little. Chal jata hai.",2026-05-03,teach style fine improv little chal,neutral,Teaching,neutral
S1196,Prof. Sharma,Artificial Intelligence,4,Exams are fair and the paper was based on what was taught. Overall great experience.,2026-05-03,exam fair paper bas taught overall great experience,positive,Exams/Evaluation,positive
S1218,Dr. Verma,Data Structures,1,"Practical sessions are a waste of time, no proper guidance.",2026-05-03,practical session waste time no proper guidance,negative,Labs/Practicals,negative
S1164,Prof. Mishra,Artificial Intelligence,2,Too many assignments and the deadlines are unreasonable. Please fix this.,2026-05-04,too many assignment deadlin unreasonable please fix,negative,Exams/Evaluation,negative
S1169,Prof. Sharma,Artificial Intelligence,5,"Sir bahut supportive hain, kabhi bhi doubt puch sakte hain. Highly recommended!",2026-05-05,sir bahut supportive kabhi doubt puch sakte highly recommend,positive,Teaching,positive
S1035,Prof. Mishra,Artificial Intelligence,4,Study material is well organised and easy to follow. Overall great experience.,2026-05-05,study material well organis easy follow overall great experience,positive,Course Content,positive
S1275,Prof. Gupta,Database Systems,2,Notes aur study material bilkul nahi diye jaate. Bahut disappointing hai.,2026-05-06,not study material bilkul nahi diye bahut disappoint,negative,Course Content,negative
S1041,Prof. Mishra,Artificial Intelligence,1,"Bahut tez padhate hain, kuch samajh nahi aata. Please fix this.",2026-05-06,bahut tez padhate samajh nahi aata please fix,negative,Teaching,negative
S1025,Prof. Mishra,Artificial Intelligence,2,Syllabus is outdated and not useful for jobs. Hope things change.,2026-05-06,syllabus outdat not useful jobs hope thing change,negative,Course Content,negative
S1004,Dr. Verma,Data Structures,2,"Practical sessions are a waste of time, no proper guidance. Bahut disappointing hai.",2026-05-06,practical session waste time no proper guidance bahut disappoint,negative,Labs/Practicals,negative
S1243,Prof. Sharma,Artificial Intelligence,5,"Lab sessions are very useful, practical knowledge mila.",2026-05-07,lab session very useful practical knowledge mila,positive,Labs/Practicals,positive
S1183,Dr. Singh,Operating Systems,5,"Practical classes bahut helpful hain, hands-on experience accha hai.",2026-05-07,practical class bahut helpful hand experience accha,positive,Labs/Practicals,positive
S1275,Dr. Singh,Operating Systems,2,Notes aur study material bilkul nahi diye jaate.,2026-05-08,not study material bilkul nahi diye,negative,Course Content,negative
S1196,Prof. Gupta,Database Systems,2,Course content is too heavy and badly organised. Hope things change.,2026-05-08,course content too heavy badly organis hope thing change,negative,Course Content,negative
S1208,Dr. Singh,Operating Systems,3,"Lectures are average, nothing special but not bad either.",2026-05-09,lectur average nothing special not bad either,neutral,Teaching,neutral
S1230,Prof. Mishra,Artificial Intelligence,1,"Bahut strict aur rude behaviour hai, koi support nahi milta. Bahut disappointing hai.",2026-05-10,bahut strict rude behaviour koi support nahi milta bahut disappoint,negative,Behaviour/Support,negative
S1227,Dr. Singh,Operating Systems,4,"Good coverage of topics, notes bhi bahut helpful hain. Keep it up sir.",2026-05-10,good coverage topic not bahut helpful keep sir,positive,Course Content,positive
S1240,Prof. Mishra,Artificial Intelligence,1,Teacher is rude and does not respect students. Needs improvement.,2026-05-11,teacher rude not respect student need improvement,negative,Behaviour/Support,negative
S1003,Dr. Verma,Data Structures,4,"Practical classes bahut helpful hain, hands-on experience accha hai. Mazaa aa gaya.",2026-05-12,practical class bahut helpful hand experience accha mazaa aa gaya,positive,Labs/Practicals,positive
S1125,Dr. Singh,Operating Systems,4,"Lab mein sab kuch implement karna sikhaya, really good. Highly recommended!",2026-05-12,lab implement sikhaya really good highly recommend,positive,Labs/Practicals,positive
S1028,Prof. Mishra,Artificial Intelligence,4,"Very friendly and approachable, always ready to help students. Keep it up sir.",2026-05-12,very friendly approachable alway ready help student keep sir,positive,Behaviour/Support,positive
S1053,Prof. Mishra,Artificial Intelligence,5,Respectful teacher who motivates the whole class.,2026-05-12,respectful teacher motivat whole class,positive,Teaching,positive
S1243,Prof. Mishra,Artificial Intelligence,1,"Terrible teaching, we have to study everything on our own.",2026-05-13,terrible teach study everything own,negative,Teaching,negative
S1047,Prof. Sharma,Artificial Intelligence,4,Respectful teacher who motivates the whole class. Highly recommended!,2026-05-13,respectful teacher motivat whole class highly recommend,positive,Teaching,positive
S1205,Prof. Gupta,Database Systems,1,Too many assignments and the deadlines are unreasonable. Please fix this.,2026-05-13,too many assignment deadlin unreasonable please fix,negative,Exams/Evaluation,negative
S1017,Prof. Mishra,Artificial Intelligence,2,Notes aur study material bilkul nahi diye jaate. Hope things change.,2026-05-13,not study material bilkul nahi diye hope thing change,negative,Course Content,negative
S1149,Prof. Sharma,Artificial Intelligence,5,"Best teacher, makes the subject interesting and easy to follow. Overall great experience.",2026-05-15,best teacher mak subject interest easy follow overall great experience,positive,Teaching,positive
S1039,Prof. Sharma,Artificial Intelligence,4,Assignments are useful and feedback on them is quick. Highly recommended!,2026-05-15,assignment useful feedback quick highly recommend,positive,Exams/Evaluation,positive
S1053,Dr. Singh,Operating Systems,2,"Teacher theek hain, kabhi kabhi class late start hoti hai. Chal jata hai.",2026-05-15,teacher theek kabhi kabhi class late start chal,negative,Teaching,negative
S1036,Prof. Sharma,Artificial Intelligence,5,"Great teacher, always patient and the lectures are engaging. Overall great experience.",2026-05-16,great teacher alway patient lectur engag overall great experience,positive,Teaching,positive
S1206,Prof. Sharma,Artificial Intelligence,5,Assignments are useful and feedback on them is quick. Mazaa aa gaya.,2026-05-16,assignment useful feedback quick mazaa aa gaya,positive,Exams/Evaluation,positive
S1158,Dr. Singh,Operating Systems,5,"Lab sessions are very useful, practical knowledge mila. Highly recommended!",2026-05-16,lab session very useful practical knowledge mila highly recommend,positive,Labs/Practicals,positive
S1202,Prof. Mishra,Artificial Intelligence,5,"Evaluation bahut fair hai, marks sahi milte hain. Overall great experience.",2026-05-16,evaluation bahut fair mark sahi milte overall great experience,positive,Exams/Evaluation,positive
S1188,Dr. Singh,Operating Systems,2,Course content is too heavy and badly organised. Please fix this.,2026-05-17,course content too heavy badly organis please fix,negative,Course Content,negative
S1115,Prof. Sharma,Artificial Intelligence,5,"Great teacher, always patient and the lectures are engaging. Keep it up sir.",2026-05-17,great teacher alway patient lectur engag keep sir,positive,Teaching,positive
S1267,Dr. Verma,Data Structures,4,"Lab sessions are very useful, practical knowledge mila. Highly recommended!",2026-05-17,lab session very useful practical knowledge mila highly recommend,positive,Labs/Practicals,positive
S1134,Prof. Mishra,Artificial Intelligence,5,"Excellent teaching, concepts are explained very clearly with examples. Keep it up sir.",2026-05-18,excellent teach concept explain very clearly exampl keep sir,positive,Teaching,positive
S1205,Dr. Singh,Operating Systems,1,Paper bahut tough tha aur syllabus se bahar ke questions aaye. Hope things change.,2026-05-19,paper bahut tough syllabus bahar question aaye hope thing change,negative,Exams/Evaluation,negative
S1043,Dr. Verma,Data Structures,4,"Very helpful faculty, explains difficult topics in a simple way. Highly recommended!",2026-05-19,very helpful faculty explain difficult topic simple way highly recommend,positive,Teaching,positive
S1041,Prof. Mishra,Artificial Intelligence,1,Sir hamesha late aate hain aur class jaldi khatam kar dete hain. Please fix this.,2026-05-19,sir hamesha late aate class jaldi khatam please fix,negative,Teaching,negative
S1195,Dr. Verma,Data Structures,3,"Course is average, covers basics only.",2026-05-19,course average cover basic only,neutral,Course Content,neutral
S1010,Prof. Gupta,Database Systems,5,"Excellent teaching, concepts are explained very clearly with examples. Overall great experience.",2026-05-19,excellent teach concept explain very clearly exampl overall great experience,positive,Teaching,positive
S1239,Dr. Verma,Data Structures,2,"Course is average, covers basics only. Overall okay.",2026-05-20,course average cover basic only overall okay,negative,Course Content,neutral
S1276,Prof. Gupta,Database Systems,2,Sir hamesha late aate hain aur class jaldi khatam kar dete hain. Please fix this.,2026-05-20,sir hamesha late aate class jaldi khatam please fix,negative,Teaching,negative
S1257,Dr. Verma,Data Structures,4,"Sir ka padhane ka tarika bahut accha hai, sab kuch easily samajh aata hai. Mazaa aa gaya.",2026-05-20,sir padhane tarika bahut accha easily samajh aata mazaa aa gaya,positive,Teaching,positive
S1125,Prof. Sharma,Artificial Intelligence,4,"Samjhane ka style kamaal ka hai, real life examples dete hain. Mazaa aa gaya.",2026-05-20,samjhane style kamaal real life exampl mazaa aa gaya,positive,Teaching,positive
S1187,Prof. Gupta,Database Systems,3,"Syllabus is okay, some topics feel outdated. Chal jata hai.",2026-05-20,syllabus okay topic feel outdat chal,neutral,Course Content,neutral
S1257,Prof. Gupta,Database Systems,2,"Bahut strict aur rude behaviour hai, koi support nahi milta. Hope things change.",2026-05-20,bahut strict rude behaviour koi support nahi milta hope thing change,negative,Behaviour/Support,negative
S1048,Prof. Sharma,Artificial Intelligence,4,"Best teacher, makes the subject interesting and easy to follow. Keep it up sir.",2026-05-20,best teacher mak subject interest easy follow keep sir,positive,Teaching,positive
S1007,Prof. Gupta,Database Systems,2,Lab sessions bahut kam hote hain aur experiments samajh nahi aate. Please fix this.,2026-05-21,lab session bahut kam experiment samajh nahi aate please fix,negative,Labs/Practicals,negative
S1205,Dr. Verma,Data Structures,4,"Syllabus is okay, some topics feel outdated.",2026-05-21,syllabus okay topic feel outdat,positive,Course Content,positive
S1130,Prof. Sharma,Artificial Intelligence,5,"Lab sessions are very useful, practical knowledge mila. Mazaa aa gaya.",2026-05-21,lab session very useful practical knowledge mila mazaa aa gaya,positive,Labs/Practicals,positive
S1281,Dr. Verma,Data Structures,2,Syllabus is outdated and not useful for jobs. Bahut disappointing hai.,2026-05-23,syllabus outdat not useful jobs bahut disappoint,negative,Course Content,negative
S1252,Prof. Sharma,Artificial Intelligence,5,"Evaluation bahut fair hai, marks sahi milte hain.",2026-05-23,evaluation bahut fair mark sahi milte,positive,Exams/Evaluation,positive
S1176,Dr. Verma,Data Structures,1,Teacher is rude and does not respect students. Please fix this.,2026-05-23,teacher rude not respect student please fix,negative,Behaviour/Support,negative
S1076,Dr. Singh,Operating Systems,3,"Course is average, covers basics only. Overall okay.",2026-05-24,course average cover basic only overall okay,neutral,Course Content,neutral
S1188,Prof. Gupta,Database Systems,5,"Course content bahut useful hai, industry ke kaam aayega. Mazaa aa gaya.",2026-05-24,course content bahut useful industry kaam aayega mazaa aa gaya,positive,Course Content,positive
S1092,Prof. Gupta,Database Systems,1,Syllabus is outdated and not useful for jobs. Hope things change.,2026-05-24,syllabus outdat not useful jobs hope thing change,negative,Course Content,negative
S1143,Prof. Sharma,Artificial Intelligence,5,Mam hamesha time pe aati hain aur students ki help karti hain. Mazaa aa gaya.,2026-05-24,mam hamesha time aati student help mazaa aa gaya,positive,Behaviour/Support,positive
S1179,Prof. Sharma,Artificial Intelligence,4,"Course content bahut useful hai, industry ke kaam aayega. Keep it up sir.",2026-05-24,course content bahut useful industry kaam aayega keep sir,positive,Course Content,positive
S1217,Dr. Verma,Data Structures,4,Respectful teacher who motivates the whole class. Keep it up sir.,2026-05-25,respectful teacher motivat whole class keep sir,positive,Teaching,positive
S1205,Prof. Sharma,Artificial Intelligence,3,"Assignments theek the, thoda zyada the but manageable.",2026-05-25,assignment theek thoda zyada manageable,neutral,Exams/Evaluation,neutral
S1076,Dr. Verma,Data Structures,2,"Content theek hai, par examples aur hone chahiye. Overall okay.",2026-05-25,content theek exampl hone chahiye overall okay,negative,Exams/Evaluation,neutral
S1172,Dr. Verma,Data Structures,2,Poor lab facilities and the instructor never helps in practicals. Bahut disappointing hai.,2026-05-25,poor lab facility instructor never help practical bahut disappoint,negative,Labs/Practicals,negative
S1284,Prof. Sharma,Artificial Intelligence,4,"Evaluation bahut fair hai, marks sahi milte hain. Overall great experience.",2026-05-25,evaluation bahut fair mark sahi milte overall great experience,positive,Exams/Evaluation,positive
S1190,Dr. Singh,Operating Systems,1,"Practical sessions are a waste of time, no proper guidance. Bahut disappointing hai.",2026-05-26,practical session waste time no proper guidance bahut disappoint,negative,Labs/Practicals,negative
S1141,Dr. Singh,Operating Systems,4,Assignments are useful and feedback on them is quick. Mazaa aa gaya.,2026-05-27,assignment useful feedback quick mazaa aa gaya,positive,Exams/Evaluation,positive
S1179,Prof. Sharma,Artificial Intelligence,5,"Practical classes bahut helpful hain, hands-on experience accha hai. Keep it up sir.",2026-05-27,practical class bahut helpful hand experience accha keep sir,positive,Labs/Practicals,positive
S1213,Dr. Verma,Data Structures,1,Marking is unfair and we never get proper feedback on exams. Hope things change.,2026-05-27,mark unfair never get proper feedback exam hope thing change,negative,Exams/Evaluation,negative
S1088,Dr. Verma,Data Structures,4,"Syllabus is okay, some topics feel outdated.",2026-05-27,syllabus okay topic feel outdat,positive,Course Content,positive
S1013,Prof. Mishra,Artificial Intelligence,3,"Teaching is okay, kuch topics samajh aate hain kuch nahi. Chal jata hai.",2026-05-28,teach okay topic samajh aate nahi chal,neutral,Teaching,neutral
S1287,Dr. Singh,Operating Systems,5,"Evaluation bahut fair hai, marks sahi milte hain.",2026-05-28,evaluation bahut fair mark sahi milte,positive,Exams/Evaluation,positive
S1263,Prof. Mishra,Artificial Intelligence,5,Assignments are useful and feedback on them is quick. Keep it up sir.,2026-05-28,assignment useful feedback quick keep sir,positive,Exams/Evaluation,positive
S1191,Prof. Mishra,Artificial Intelligence,1,Syllabus is outdated and not useful for jobs. Needs improvement.,2026-05-28,syllabus outdat not useful jobs need improvement,negative,Course Content,negative
S1172,Dr. Verma,Data Structures,4,"Behaviour is okay, not very friendly but not rude. Chal jata hai.",2026-05-29,behaviour okay not very friendly not rude chal,positive,Behaviour/Support,neutral
S1166,Prof. Mishra,Artificial Intelligence,3,"Content theek hai, par examples aur hone chahiye. Could be better.",2026-05-30,content theek exampl hone chahiye better,neutral,Exams/Evaluation,neutral
S1151,Prof. Gupta,Database Systems,5,Study material is well organised and easy to follow. Highly recommended!,2026-05-30,study material well organis easy follow highly recommend,positive,Course Content,positive
S1006,Dr. Verma,Data Structures,4,"Samjhane ka style kamaal ka hai, real life examples dete hain. Highly recommended!",2026-05-31,samjhane style kamaal real life exampl highly recommend,positive,Teaching,positive
S1122,Prof. Mishra,Artificial Intelligence,1,"Syllabus bahut zyada hai aur time kam, complete nahi hota. Bahut disappointing hai.",2026-05-31,syllabus bahut zyada time kam complete nahi bahut disappoint,negative,Labs/Practicals,negative
S1107,Prof. Sharma,Artificial Intelligence,4,"Teaching is okay, kuch topics samajh aate hain kuch nahi. Overall okay.",2026-05-31,teach okay topic samajh aate nahi overall okay,positive,Teaching,positive
S1083,Prof. Mishra,Artificial Intelligence,1,"Practicals theek hain, thoda aur time milna chahiye. Overall okay.",2026-05-31,practical theek thoda time milna chahiye overall okay,negative,Labs/Practicals,negative
S1292,Dr. Verma,Data Structures,5,"Course content bahut useful hai, industry ke kaam aayega.",2026-06-01,course content bahut useful industry kaam aayega,positive,Course Content,positive
S1159,Prof. Mishra,Artificial Intelligence,1,"Concepts clear nahi hote, sirf slides padh ke chale jaate hain. Bahut disappointing hai.",2026-06-01,concept clear nahi sirf slid padh chale bahut disappoint,negative,Teaching,negative
S1160,Dr. Singh,Operating Systems,2,"Padhane ka tarika bekaar hai, speed bahut fast hai. Needs improvement.",2026-06-01,padhane tarika bekaar speed bahut fast need improvement,negative,Teaching,negative
S1209,Prof. Mishra,Artificial Intelligence,2,"Class mein bilkul maza nahi aata, lecture bahut boring hai. Hope things change.",2026-06-01,class bilkul maza nahi aata lecture bahut bor hope thing change,negative,Teaching,negative
S1296,Prof. Sharma,Artificial Intelligence,1,"Not approachable at all, students are scared to ask questions. Needs improvement.",2026-06-01,not approachable student scar ask question need improvement,negative,Behaviour/Support,negative
S1032,Prof. Mishra,Artificial Intelligence,3,"Lectures are average, nothing special but not bad either. Chal jata hai.",2026-06-01,lectur average nothing special not bad either chal,neutral,Teaching,neutral
S1112,Dr. Verma,Data Structures,5,"Lab mein sab kuch implement karna sikhaya, really good.",2026-06-01,lab implement sikhaya really good,positive,Labs/Practicals,positive
S1288,Dr. Verma,Data Structures,4,"Lab sessions are very useful, practical knowledge mila. Highly recommended!",2026-06-02,lab session very useful practical knowledge mila highly recommend,positive,Labs/Practicals,positive
S1299,Prof. Gupta,Database Systems,3,"Lectures are average, nothing special but not bad either. Chal jata hai.",2026-06-02,lectur average nothing special not bad either chal,neutral,Teaching,neutral
S1285,Dr. Singh,Operating Systems,4,"Samjhane ka style kamaal ka hai, real life examples dete hain. Highly recommended!",2026-06-02,samjhane style kamaal real life exampl highly recommend,positive,Teaching,positive
S1298,Prof. Gupta,Database Systems,3,"Teacher theek hain, kabhi kabhi class late start hoti hai.",2026-06-02,teacher theek kabhi kabhi class late start,neutral,Teaching,neutral
S1105,Prof. Mishra,Artificial Intelligence,2,Lab sessions bahut kam hote hain aur experiments samajh nahi aate.,2026-06-03,lab session bahut kam experiment samajh nahi aate,negative,Labs/Practicals,negative
S1294,Prof. Mishra,Artificial Intelligence,2,Study material is well organised and easy to follow.,2026-06-04,study material well organis easy follow,negative,Course Content,positive
S1176,Prof. Sharma,Artificial Intelligence,3,"Content theek hai, par examples aur hone chahiye. Chal jata hai.",2026-06-04,content theek exampl hone chahiye chal,neutral,Exams/Evaluation,neutral
S1290,Prof. Mishra,Artificial Intelligence,2,"Padhane ka tarika bekaar hai, speed bahut fast hai. Needs improvement.",2026-06-04,padhane tarika bekaar speed bahut fast need improvement,negative,Teaching,negative
S1242,Prof. Sharma,Artificial Intelligence,4,"Lab mein sab kuch implement karna sikhaya, really good. Keep it up sir.",2026-06-04,lab implement sikhaya really good keep sir,positive,Labs/Practicals,positive
S1153,Prof. Gupta,Database Systems,1,Marking is unfair and we never get proper feedback on exams. Hope things change.,2026-06-05,mark unfair never get proper feedback exam hope thing change,negative,Exams/Evaluation,negative
S1285,Prof. Gupta,Database Systems,2,Sir hamesha late aate hain aur class jaldi khatam kar dete hain. Hope things change.,2026-06-05,sir hamesha late aate class jaldi khatam hope thing change,negative,Teaching,negative
S1183,Dr. Singh,Operating Systems,4,"Practical classes bahut helpful hain, hands-on experience accha hai. Highly recommended!",2026-06-05,practical class bahut helpful hand experience accha highly recommend,positive,Labs/Practicals,positive
S1286,Prof. Sharma,Artificial Intelligence,4,"Best teacher, makes the subject interesting and easy to follow. Highly recommended!",2026-06-06,best teacher mak subject interest easy follow highly recommend,positive,Teaching,positive
S1268,Prof. Sharma,Artificial Intelligence,4,"Practical classes bahut helpful hain, hands-on experience accha hai. Highly recommended!",2026-06-06,practical class bahut helpful hand experience accha highly recommend,positive,Labs/Practicals,positive
S1051,Prof. Sharma,Artificial Intelligence,3,"Course is average, covers basics only. Overall okay.",2026-06-06,course average cover basic only overall okay,neutral,Course Content,neutral
S1214,Prof. Sharma,Artificial Intelligence,5,"Mam bahut acche se explain karti hain, doubts clear ho jaate hain. Mazaa aa gaya.",2026-06-06,mam bahut acche explain doubt clear mazaa aa gaya,positive,Teaching,positive
S1163,Prof. Mishra,Artificial Intelligence,2,Too many assignments and the deadlines are unreasonable. Hope things change.,2026-06-06,too many assignment deadlin unreasonable hope thing change,negative,Exams/Evaluation,negative
S1075,Dr. Verma,Data Structures,5,Syllabus is up to date and very relevant for placements. Keep it up sir.,2026-06-06,syllabus date very relevant placement keep sir,positive,Course Content,positive
S1085,Dr. Verma,Data Structures,4,"Great teacher, always patient and the lectures are engaging. Keep it up sir.",2026-06-09,great teacher alway patient lectur engag keep sir,positive,Teaching,positive
S1084,Prof. Sharma,Artificial Intelligence,4,Lab is fine but sometimes the systems are slow. Could be better.,2026-06-11,lab fine sometim system slow better,positive,Labs/Practicals,positive
S1017,Prof. Gupta,Database Systems,4,"Lab mein sab kuch implement karna sikhaya, really good. Mazaa aa gaya.",2026-06-11,lab implement sikhaya really good mazaa aa gaya,positive,Labs/Practicals,positive
S1195,Dr. Singh,Operating Systems,3,Lab is fine but sometimes the systems are slow. Chal jata hai.,2026-06-12,lab fine sometim system slow chal,neutral,Labs/Practicals,neutral
S1087,Dr. Singh,Operating Systems,3,"Content theek hai, par examples aur hone chahiye. Overall okay.",2026-06-12,content theek exampl hone chahiye overall okay,neutral,Exams/Evaluation,neutral
S1043,Dr. Verma,Data Structures,4,"Good coverage of topics, notes bhi bahut helpful hain. Highly recommended!",2026-06-12,good coverage topic not bahut helpful highly recommend,positive,Course Content,positive
S1073,Dr. Singh,Operating Systems,5,"Good coverage of topics, notes bhi bahut helpful hain. Overall great experience.",2026-06-12,good coverage topic not bahut helpful overall great experience,positive,Course Content,positive
S1169,Prof. Mishra,Artificial Intelligence,2,Sir hamesha late aate hain aur class jaldi khatam kar dete hain. Bahut disappointing hai.,2026-06-13,sir hamesha late aate class jaldi khatam bahut disappoint,negative,Teaching,negative
S1185,Prof. Sharma,Artificial Intelligence,5,Mam hamesha time pe aati hain aur students ki help karti hain. Keep it up sir.,2026-06-13,mam hamesha time aati student help keep sir,positive,Behaviour/Support,positive
S1224,Prof. Sharma,Artificial Intelligence,5,"Sir ka padhane ka tarika bahut accha hai, sab kuch easily samajh aata hai. Highly recommended!",2026-06-13,sir padhane tarika bahut accha easily samajh aata highly recommend,positive,Teaching,positive
S1078,Dr. Verma,Data Structures,1,Poor lab facilities and the instructor never helps in practicals. Needs improvement.,2026-06-14,poor lab facility instructor never help practical need improvement,negative,Labs/Practicals,negative
S1106,Prof. Mishra,Artificial Intelligence,1,Paper bahut tough tha aur syllabus se bahar ke questions aaye.,2026-06-14,paper bahut tough syllabus bahar question aaye,negative,Exams/Evaluation,negative
S1070,Prof. Mishra,Artificial Intelligence,2,"Practical sessions are a waste of time, no proper guidance.",2026-06-14,practical session waste time no proper guidance,negative,Labs/Practicals,negative
S1137,Dr. Verma,Data Structures,2,"Lab work is okay, nothing great.",2026-06-14,lab work okay nothing great,negative,Labs/Practicals,neutral
S1120,Prof. Mishra,Artificial Intelligence,1,"Paper average tha, na bahut easy na bahut hard.",2026-06-15,paper average na bahut easy na bahut hard,negative,Exams/Evaluation,positive
S1185,Prof. Mishra,Artificial Intelligence,1,"Padhane ka tarika bekaar hai, speed bahut fast hai. Hope things change.",2026-06-16,padhane tarika bekaar speed bahut fast hope thing change,negative,Teaching,negative
S1177,Prof. Mishra,Artificial Intelligence,5,"Practical sessions are a waste of time, no proper guidance. Needs improvement.",2026-06-16,practical session waste time no proper guidance need improvement,positive,Labs/Practicals,negative
S1255,Dr. Singh,Operating Systems,4,"Great teacher, always patient and the lectures are engaging. Keep it up sir.",2026-06-17,great teacher alway patient lectur engag keep sir,positive,Teaching,positive
S1223,Dr. Singh,Operating Systems,3,"Assignments theek the, thoda zyada the but manageable. Could be better.",2026-06-17,assignment theek thoda zyada manageable better,neutral,Exams/Evaluation,neutral
S1141,Prof. Mishra,Artificial Intelligence,1,Paper bahut tough tha aur syllabus se bahar ke questions aaye. Hope things change.,2026-06-17,paper bahut tough syllabus bahar question aaye hope thing change,negative,Exams/Evaluation,negative
S1108,Prof. Gupta,Database Systems,4,"Evaluation bahut fair hai, marks sahi milte hain. Overall great experience.",2026-06-18,evaluation bahut fair mark sahi milte overall great experience,positive,Exams/Evaluation,positive
S1192,Prof. Gupta,Database Systems,1,Notes aur study material bilkul nahi diye jaate.,2026-06-18,not study material bilkul nahi diye,negative,Course Content,negative
S1156,Dr. Verma,Data Structures,3,"Behaviour is okay, not very friendly but not rude. Chal jata hai.",2026-06-18,behaviour okay not very friendly not rude chal,neutral,Behaviour/Support,neutral
S1114,Dr. Singh,Operating Systems,3,"Best teacher, makes the subject interesting and easy to follow. Overall great experience.",2026-06-20,best teacher mak subject interest easy follow overall great experience,neutral,Teaching,positive
S1045,Dr. Verma,Data Structures,3,"Assignments theek the, thoda zyada the but manageable. Could be better.",2026-06-20,assignment theek thoda zyada manageable better,neutral,Exams/Evaluation,neutral
S1075,Dr. Singh,Operating Systems,2,Sir hamesha late aate hain aur class jaldi khatam kar dete hain. Hope things change.,2026-06-21,sir hamesha late aate class jaldi khatam hope thing change,negative,Teaching,negative
S1052,Prof. Mishra,Artificial Intelligence,1,"Terrible teaching, we have to study everything on our own.",2026-06-21,terrible teach study everything own,negative,Teaching,negative
S1214,Prof. Sharma,Artificial Intelligence,1,Sir hamesha late aate hain aur class jaldi khatam kar dete hain.,2026-06-22,sir hamesha late aate class jaldi khatam,negative,Teaching,negative
S1153,Dr. Verma,Data Structures,5,Respectful teacher who motivates the whole class.,2026-06-23,respectful teacher motivat whole class,positive,Teaching,positive
S1150,Prof. Mishra,Artificial Intelligence,1,Notes aur study material bilkul nahi diye jaate. Needs improvement.,2026-06-23,not study material bilkul nahi diye need improvement,negative,Course Content,negative
S1031,Prof. Gupta,Database Systems,3,"Behaviour is okay, not very friendly but not rude. Could be better.",2026-06-24,behaviour okay not very friendly not rude better,neutral,Behaviour/Support,neutral
S1158,Dr. Verma,Data Structures,4,Syllabus is up to date and very relevant for placements. Keep it up sir.,2026-06-24,syllabus date very relevant placement keep sir,positive,Course Content,positive
S1045,Dr. Verma,Data Structures,4,"Great teacher, always patient and the lectures are engaging. Mazaa aa gaya.",2026-06-25,great teacher alway patient lectur engag mazaa aa gaya,positive,Teaching,positive
S1243,Dr. Singh,Operating Systems,5,"Great teacher, always patient and the lectures are engaging. Mazaa aa gaya.",2026-06-25,great teacher alway patient lectur engag mazaa aa gaya,positive,Teaching,positive
S1114,Prof. Sharma,Artificial Intelligence,4,Exams are fair and the paper was based on what was taught.,2026-06-25,exam fair paper bas taught,positive,Exams/Evaluation,positive
S1168,Dr. Singh,Operating Systems,2,Too many assignments and the deadlines are unreasonable.,2026-06-26,too many assignment deadlin unreasonable,negative,Exams/Evaluation,negative
S1285,Dr. Singh,Operating Systems,1,Teacher is rude and does not respect students. Bahut disappointing hai.,2026-06-27,teacher rude not respect student bahut disappoint,negative,Behaviour/Support,negative
S1181,Dr. Singh,Operating Systems,4,"Exam was moderate, some questions were tricky.",2026-06-27,exam moderate question tricky,positive,Exams/Evaluation,neutral
S1055,Dr. Singh,Operating Systems,5,Exams are fair and the paper was based on what was taught. Overall great experience.,2026-06-27,exam fair paper bas taught overall great experience,positive,Exams/Evaluation,positive
S1263,Prof. Gupta,Database Systems,2,Too many assignments and the deadlines are unreasonable.,2026-06-27,too many assignment deadlin unreasonable,negative,Exams/Evaluation,negative
S1154,Prof. Gupta,Database Systems,3,"Content theek hai, par examples aur hone chahiye.",2026-06-27,content theek exampl hone chahiye,neutral,Exams/Evaluation,neutral
S1154,Dr. Singh,Operating Systems,5,"Lab sessions are very useful, practical knowledge mila.",2026-06-29,lab session very useful practical knowledge mila,positive,Labs/Practicals,positive
S1123,Prof. Sharma,Artificial Intelligence,4,"Lab sessions are very useful, practical knowledge mila. Highly recommended!",2026-06-30,lab session very useful practical knowledge mila highly recommend,positive,Labs/Practicals,positive
S1071,Prof. Gupta,Database Systems,4,Good lab guidance and the experiments are well planned.,2026-06-30,good lab guidance experiment well plann,positive,Labs/Practicals,positive
S1106,Dr. Verma,Data Structures,5,Study material is well organised and easy to follow. Highly recommended!,2026-06-30,study material well organis easy follow highly recommend,positive,Course Content,positive
S1207,Dr. Singh,Operating Systems,3,"Content theek hai, par examples aur hone chahiye. Overall okay.",2026-07-01,content theek exampl hone chahiye overall okay,neutral,Exams/Evaluation,neutral
S1241,Prof. Sharma,Artificial Intelligence,3,"Exam was moderate, some questions were tricky. Chal jata hai.",2026-07-02,exam moderate question tricky chal,neutral,Exams/Evaluation,neutral
S1224,Prof. Gupta,Database Systems,3,"Lab work is okay, nothing great.",2026-07-02,lab work okay nothing great,neutral,Labs/Practicals,neutral
S1251,Prof. Gupta,Database Systems,2,Teacher does not clear doubts and ignores our questions. Bahut disappointing hai.,2026-07-02,teacher not clear doubt ignor question bahut disappoint,negative,Teaching,negative
S1144,Dr. Singh,Operating Systems,3,"Teacher theek hain, kabhi kabhi class late start hoti hai. Could be better.",2026-07-03,teacher theek kabhi kabhi class late start better,neutral,Teaching,neutral
S1237,Dr. Verma,Data Structures,5,Respectful teacher who motivates the whole class.,2026-07-03,respectful teacher motivat whole class,positive,Teaching,positive
S1201,Dr. Singh,Operating Systems,3,Lab is fine but sometimes the systems are slow. Could be better.,2026-07-03,lab fine sometim system slow better,neutral,Labs/Practicals,positive
S1078,Prof. Gupta,Database Systems,3,"Behaviour is okay, not very friendly but not rude. Chal jata hai.",2026-07-04,behaviour okay not very friendly not rude chal,neutral,Behaviour/Support,neutral
S1155,Dr. Singh,Operating Systems,5,Exams are fair and the paper was based on what was taught. Overall great experience.,2026-07-04,exam fair paper bas taught overall great experience,positive,Exams/Evaluation,positive
S1191,Prof. Sharma,Artificial Intelligence,4,"Lab sessions are very useful, practical knowledge mila.",2026-07-04,lab session very useful practical knowledge mila,positive,Labs/Practicals,positive
